CardID,Name,Year,Team,Role,BattingRating,BowlingRating,OVR,CardType
1,Ruturaj Gaikwad,2021,CSK,Batsman,82,78,82,Legacy
2,KL Rahul,2021,PBKS,Batsman,90,78,89,Legacy
3,David Warner,2021,SRH,Batsman,99,78,97,Legacy
4,Jonny Bairstow,2021,SRH,Batsman,83,78,82,Legacy
5,Chris Gayle,2021,PBKS,Batsman,98,67,95,Legacy
6,MS Dhoni,2021,CSK,Batsman,95,78,93,Legacy
7,AB de Villiers,2021,RCB,Batsman,97,78,95,Legacy
8,Kane Williamson,2021,SRH,Batsman,85,70,84,Legacy
9,Virat Kohli,2021,RCB,Batsman,99,53,94,Legacy
10,Steven Smith,2021,DC,Batsman,86,78,85,Legacy
11,Rishabh Pant,2021,DC,Batsman,87,78,86,Legacy
12,Jos Buttler,2021,RR,Batsman,85,78,84,Legacy
13,Shikhar Dhawan,2021,DC,Batsman,95,69,92,Legacy
14,Chris Lynn,2021,MI,Batsman,83,78,82,Legacy
15,David Miller,2021,RR,Batsman,85,78,84,Legacy
16,Shubman Gill,2021,KKR,Batsman,81,78,81,Legacy
17,Suresh Raina,2021,CSK,Batsman,96,67,93,Legacy
18,Faf du Plessis,2021,CSK,Batsman,85,65,83,Legacy
19,Nicholas Pooran,2021,PBKS,Batsman,82,78,82,Legacy
20,Basil Thampi,2021,SRH,Batsman,76,66,75,Legacy
21,Mitchell Santner,2021,CSK,Batsman,78,68,77,Legacy
22,Ajinkya Rahane,2021,DC,Batsman,90,73,88,Legacy
23,Quinton de Kock,2021,MI,Batsman,85,78,84,Legacy
24,Devdutt Padikkal,2021,RCB,Batsman,79,78,79,Legacy
25,Shreyas Iyer,2021,DC,Batsman,85,78,84,Legacy
26,Rohit Sharma,2021,MI,Batsman,95,68,92,Legacy
27,Rahul Tewatia,2021,RR,Batsman,79,71,78,Legacy
28,Suryakumar Yadav,2021,MI,Batsman,84,72,83,Legacy
29,Hardik Pandya,2021,MI,Batsman,83,73,82,Legacy
30,Kieron Pollard,2021,MI,Batsman,89,76,88,Legacy
31,Andre Russell,2021,KKR,Batsman,86,77,85,Legacy
32,Vijay Shankar,2021,SRH,Batsman,79,65,78,Legacy
33,Manish Pandey,2021,SRH,Batsman,87,78,86,Legacy
34,Ambati Rayudu,2021,CSK,Batsman,89,78,88,Legacy
35,Ishan Kishan,2021,MI,Batsman,82,78,82,Legacy
36,Moises Henriques,2021,PBKS,Batsman,80,72,79,Legacy
37,Marcus Stoinis,2021,DC,Batsman,80,70,79,Legacy
38,Robin Uthappa,2021,CSK,Batsman,92,78,91,Legacy
39,Sanju Samson,2021,RR,Batsman,86,78,85,Legacy
40,Nitish Rana,2021,KKR,Batsman,82,69,81,Legacy
41,Saurabh Tiwary,2021,MI,Batsman,81,78,81,Legacy
42,Jagadeesha Suchith,2021,SRH,Batsman,76,67,75,Legacy
43,Tom Curran,2021,DC,Batsman,77,64,76,Legacy
44,Ben Stokes,2021,RR,Batsman,80,70,79,Legacy
45,Dinesh Karthik,2021,KKR,Batsman,89,78,88,Legacy
46,Sarfaraz Khan,2021,PBKS,Batsman,79,78,79,Legacy
47,Wriddhiman Saha,2021,SRH,Batsman,83,78,82,Legacy
48,Eoin Morgan,2021,KKR,Batsman,80,78,80,Legacy
49,Ravindra Jadeja,2021,CSK,All-Rounder,83,88,85,Legacy
50,Rahul Tripathi,2021,KKR,Batsman,80,68,79,Legacy
51,Krunal Pandya,2021,MI,Batsman,80,74,79,Legacy
52,Karun Nair,2021,KKR,Batsman,81,78,81,Legacy
53,Chris Morris,2021,RR,All-Rounder,80,83,81,Legacy
54,Manan Vohra,2021,RR,Batsman,79,78,79,Legacy
55,Sam Curran,2021,CSK,Batsman,78,70,77,Legacy
56,Liam Livingstone,2021,RR,Batsman,77,68,76,Legacy
57,Kedar Jadhav,2021,SRH,Batsman,79,78,79,Legacy
58,Dwayne Bravo,2021,CSK,All-Rounder,81,97,88,Legacy
59,Abdul Samad,2021,SRH,Batsman,79,50,76,Legacy
60,Glenn Maxwell,2021,RCB,Batsman,82,66,80,Legacy
61,Mandeep Singh,2021,PBKS,Batsman,81,68,80,Legacy
62,Prithvi Shaw,2021,DC,Batsman,79,78,79,Legacy
63,Ben Cutting,2021,KKR,Batsman,79,64,78,Legacy
64,Shakib Al Hasan,2021,KKR,Batsman,78,78,78,Legacy
65,Mayank Agarwal,2021,PBKS,Batsman,82,78,82,Legacy
66,Shimron Hetmyer,2021,DC,Bowler,77,78,78,Legacy
67,Moeen Ali,2021,CSK,Batsman,78,67,77,Legacy
68,Cheteshwar Pujara,2021,CSK,Bowler,75,78,78,Legacy
69,Riyan Parag,2021,RR,Batsman,76,56,74,Legacy
70,Josh Philippe,2021,RCB,Bowler,74,78,78,Legacy
71,Sheldon Jackson,2021,KKR,Bowler,75,78,78,Legacy
72,Axar Patel,2021,DC,All-Rounder,78,82,80,Legacy
73,Abhishek Sharma,2021,SRH,Batsman,77,64,76,Legacy
74,Sam Billings,2021,DC,Bowler,77,78,78,Legacy
75,Mahipal Lomror,2021,RR,Batsman,74,71,74,Legacy
76,Mitchell Marsh,2021,SRH,Batsman,75,71,75,Legacy
77,Pat Cummins,2021,KKR,Batsman,76,71,76,Legacy
78,Daniel Christian,2021,RCB,Batsman,76,72,76,Legacy
79,Sachin Baby,2021,RCB,Batsman,76,73,76,Legacy
80,Washington Sundar,2021,RCB,Batsman,75,70,74,Legacy
81,Shivam Dube,2021,RR,Batsman,75,68,74,Legacy
82,Deepak Hooda,2021,PBKS,Batsman,77,63,76,Legacy
83,Sunil Narine,2021,KKR,All-Rounder,80,93,86,Legacy
84,N Jagadeesan,2021,CSK,Bowler,74,78,78,Legacy
85,Mohammad Nabi,2021,SRH,Batsman,76,68,75,Legacy
86,Karn Sharma,2021,CSK,Bowler,75,78,78,Legacy
87,Harbhajan Singh,2021,KKR,All-Rounder,78,97,87,Legacy
88,Jofra Archer,2021,RR,Batsman,77,77,77,Legacy
89,Jason Holder,2021,SRH,Batsman,75,69,74,Legacy
90,Priyam Garg,2021,SRH,Bowler,75,78,78,Legacy
91,Shreevats Goswami,2021,SRH,Bowler,74,78,78,Legacy
92,Navdeep Saini,2021,RCB,Batsman,73,65,72,Legacy
93,Krishnappa Gowtham,2021,CSK,Batsman,77,65,76,Legacy
94,Aditya Tare,2021,MI,Bowler,75,78,78,Legacy
95,Pawan Negi,2021,KKR,Batsman,75,73,75,Legacy
96,Jasprit Bumrah,2021,MI,Bowler,73,89,87,Legacy
97,Yashasvi Jaiswal,2021,RR,Bowler,72,78,77,Legacy
98,Shreyas Gopal,2021,RR,Bowler,73,76,76,Legacy
99,Kagiso Rabada,2021,DC,Bowler,73,80,79,Legacy
100,James Neesham,2021,MI,Batsman,73,55,71,Legacy
101,Kane Richardson,2021,RCB,Batsman,72,70,72,Legacy
102,Piyush Chawla,2021,MI,Bowler,75,97,95,Legacy
103,Amit Mishra,2021,DC,Bowler,73,99,96,Legacy
104,Dhawal Kulkarni,2021,MI,Bowler,73,83,82,Legacy
105,Mohammed Siraj,2021,RCB,Bowler,72,73,73,Legacy
106,Deepak Chahar,2021,CSK,Batsman,75,75,75,Legacy
107,Rinku Singh,2021,KKR,Bowler,73,78,78,Legacy
108,Ravichandran Ashwin,2021,DC,Bowler,74,94,92,Legacy
109,Chris Woakes,2021,DC,Batsman,72,71,72,Legacy
110,Prabhsimran Singh,2021,PBKS,Bowler,72,78,77,Legacy
111,Andrew Tye,2021,RR,Bowler,74,75,75,Legacy
112,Harshal Patel,2021,DC,Batsman,75,74,75,Legacy
113,Harshal Patel,2021,RCB,Batsman,75,74,75,Legacy
114,Kuldeep Yadav,2021,KKR,Bowler,71,73,73,Legacy
115,Ishant Sharma,2021,DC,Bowler,72,78,77,Legacy
116,Jaydev Unadkat,2021,RR,Bowler,72,81,80,Legacy
117,Mayank Markande,2021,RR,Batsman,72,69,72,Legacy
118,Sandeep Sharma,2021,SRH,Bowler,71,89,87,Legacy
119,Umesh Yadav,2021,DC,Bowler,72,89,87,Legacy
120,Rashid Khan,2021,SRH,Bowler,75,83,82,Legacy
121,Rahul Chahar,2021,MI,Batsman,72,72,72,Legacy
122,Imran Tahir,2021,CSK,Bowler,71,83,82,Legacy
123,KC Cariappa,2021,RR,Batsman,73,63,72,Legacy
124,Shardul Thakur,2021,CSK,Bowler,73,74,74,Legacy
125,Nathan Coulter-Nile,2021,MI,Bowler,73,75,75,Legacy
126,Kamlesh Nagarkoti,2021,KKR,Batsman,70,62,69,Legacy
127,Bhuvneshwar Kumar,2021,SRH,Bowler,72,94,92,Legacy
128,Ravi Bishnoi,2021,PBKS,Batsman,69,68,69,Legacy
129,Chris Jordan,2021,PBKS,Batsman,71,69,71,Legacy
130,Vishnu Vinod,2021,DC,Bowler,70,78,77,Legacy
131,Mohammed Shami,2021,PBKS,Bowler,72,76,76,Legacy
132,Varun Chakravarthy,2021,KKR,Bowler,70,71,71,Legacy
133,Shivam Mavi,2021,KKR,Batsman,70,67,70,Legacy
134,Trent Boult,2021,MI,Bowler,70,79,78,Legacy
135,Kartik Tyagi,2021,RR,Batsman,69,64,68,Legacy
136,Mujeeb Ur Rahman,2021,SRH,Batsman,70,68,70,Legacy
137,Yuzvendra Chahal,2021,RCB,Bowler,68,91,89,Legacy
138,Adam Milne,2021,MI,Batsman,69,62,68,Legacy
139,Shahbaz Nadeem,2021,SRH,Bowler,68,73,72,Legacy
140,Jayant Yadav,2021,MI,Batsman,69,63,68,Legacy
141,Siddarth Kaul,2021,SRH,Bowler,68,75,74,Legacy
142,Prasidh Krishna,2021,KKR,Batsman,67,65,67,Legacy
143,Adam Zampa,2021,RCB,Bowler,69,72,72,Legacy
144,Murugan Ashwin,2021,PBKS,Bowler,69,70,70,Legacy
145,Mustafizur Rahman,2021,RR,Bowler,67,71,71,Legacy
146,Ravisrinivasan Sai Kishore,2021,CSK,Bowler,65,78,77,Legacy
147,Josh Hazlewood,2021,CSK,Batsman,65,58,64,Legacy
148,T Natarajan,2021,SRH,Batsman,68,68,68,Legacy
149,Anukul Roy,2021,MI,Bowler,65,71,70,Legacy
150,Hari Nishanth,2021,CSK,Bowler,65,78,77,Legacy
151,Marco Jansen,2021,MI,Bowler,65,78,77,Legacy
152,Arjun Tendulkar,2021,MI,Bowler,65,78,77,Legacy
153,KM Asif,2021,CSK,Batsman,65,64,65,Legacy
154,Kyle Jamieson,2021,RCB,Bowler,65,78,77,Legacy
155,Lungi Ngidi,2021,CSK,Bowler,65,72,71,Legacy
156,Akash Singh,2021,RR,Bowler,65,78,77,Legacy
157,Kuldip Yadav,2021,RR,Bowler,65,78,77,Legacy
158,Harishankar Reddy,2021,CSK,Bowler,65,78,77,Legacy
159,Dawid Malan,2021,PBKS,Bowler,65,78,77,Legacy
160,Virat Singh,2021,SRH,Bowler,65,78,77,Legacy
161,Pavan Deshpande,2021,RCB,Bowler,65,78,77,Legacy
162,Suyash Prabhudessai,2021,RCB,Bowler,65,78,77,Legacy
163,Shahbaz Ahmed,2021,RCB,Batsman,70,68,70,Legacy
164,Daniel Sams,2021,RCB,Bowler,65,70,70,Legacy
165,Rajat Patidar,2021,RCB,Bowler,65,78,77,Legacy
166,Chetan Sakariya,2021,RR,Bowler,65,78,77,Legacy
167,Anmolpreet Singh,2021,MI,Bowler,65,78,77,Legacy
168,Khaleel Ahmed,2021,SRH,Bowler,65,72,71,Legacy
169,Mohammed Azharuddeen,2021,RCB,Bowler,65,78,77,Legacy
170,Srikar Bharat,2021,RCB,Bowler,65,78,77,Legacy
171,Praveen Dubey,2021,DC,Bowler,68,71,71,Legacy
172,Ishan Porel,2021,PBKS,Bowler,65,78,77,Legacy
173,Anuj Rawat,2021,RR,Bowler,65,78,77,Legacy
174,Yudhvir Singh,2021,MI,Bowler,65,78,77,Legacy
175,Darshan Nalkande,2021,PBKS,Bowler,65,78,77,Legacy
176,Manimaran Siddharth,2021,DC,Bowler,65,78,77,Legacy
177,Lukman Meriwala,2021,DC,Bowler,65,78,77,Legacy
178,Ripal Patel,2021,DC,Bowler,65,78,77,Legacy
179,Riley Meredith,2021,PBKS,Bowler,65,78,77,Legacy
180,Bhagath Varma,2021,CSK,Bowler,65,78,77,Legacy
181,Utkarsh Singh,2021,PBKS,Bowler,65,78,77,Legacy
182,Lalit Yadav,2021,DC,Bowler,65,78,77,Legacy
183,Tim Seifert,2021,KKR,Bowler,65,78,77,Legacy
184,Mohsin Khan,2021,MI,Bowler,65,78,77,Legacy
185,Lockie Ferguson,2021,KKR,Batsman,73,65,72,Legacy
186,Harpreet Brar,2021,PBKS,Batsman,74,70,74,Legacy
187,Sandeep Warrier,2021,KKR,Batsman,65,59,64,Legacy
188,Avesh Khan,2021,DC,Batsman,72,59,71,Legacy
189,Jalaj Saxena,2021,PBKS,Bowler,65,78,77,Legacy
190,Fabian Allen,2021,PBKS,Bowler,65,78,77,Legacy
191,Jhye Richardson,2021,PBKS,Bowler,65,78,77,Legacy
192,Shahrukh Khan,2021,PBKS,Bowler,65,78,77,Legacy
193,Saurabh Kumar,2021,PBKS,Bowler,65,78,77,Legacy
194,Vaibhav Arora,2021,KKR,Bowler,65,78,77,Legacy
195,Venkatesh Iyer,2021,KKR,Bowler,65,78,77,Legacy
196,Arshdeep Singh,2021,PBKS,Bowler,65,67,67,Legacy
197,Mayank Agarwal,2022,PBKS,All-Rounder,83,77,80,Icon
198,Liam Livingstone,2022,PBKS,Batsman,75,54,73,Icon
199,Kagiso Rabada,2022,PBKS,Bowler,73,85,84,Icon
200,Shahrukh Khan,2022,PBKS,Batsman,77,77,77,Icon
201,Shikhar Dhawan,2022,PBKS,Batsman,96,74,94,Icon
202,Jonny Bairstow,2022,PBKS,All-Rounder,84,77,81,Icon
203,Odean Smith,2022,PBKS,Bowler,65,77,76,Icon
204,Rahul Chahar,2022,PBKS,Bowler,71,79,78,Icon
205,Arshdeep Singh,2022,PBKS,Bowler,67,77,76,Icon
206,Harpreet Brar,2022,PBKS,Batsman,72,71,72,Icon
207,Vaibhav Arora,2022,PBKS,Bowler,65,77,76,Icon
208,Raj Bawa,2022,PBKS,Bowler,65,77,76,Icon
209,Nathan Ellis,2022,PBKS,Batsman,74,65,73,Icon
210,Prabhsimran Singh,2022,PBKS,Bowler,72,77,76,Icon
211,Rishi Dhawan,2022,PBKS,Batsman,76,74,76,Icon
212,Bhanuka Rajapaksa,2022,PBKS,Bowler,65,77,76,Icon
213,Sandeep Sharma,2022,PBKS,Bowler,71,90,88,Icon
214,Benny Howell,2022,PBKS,Bowler,65,77,76,Icon
215,Ishan Porel,2022,PBKS,Bowler,65,70,70,Icon
216,Prerak Mankad,2022,PBKS,Bowler,65,77,76,Icon
217,Atharva Taide,2022,PBKS,Bowler,65,77,76,Icon
218,Ansh Patel,2022,PBKS,Bowler,65,77,76,Icon
219,Jitesh Sharma,2022,PBKS,Bowler,65,77,76,Icon
220,Writtick Chatterjee,2022,PBKS,Bowler,65,77,76,Icon
221,Baltej Singh,2022,PBKS,Bowler,65,77,76,Icon
222,Kane Williamson,2022,SRH,Batsman,86,56,83,Icon
223,Nicholas Pooran,2022,SRH,Batsman,79,77,79,Icon
224,Washington Sundar,2022,SRH,Bowler,74,77,77,Icon
225,Rahul Tripathi,2022,SRH,Batsman,81,55,78,Icon
226,Romario Shepherd,2022,SRH,Bowler,65,77,76,Icon
227,Abhishek Sharma,2022,SRH,Batsman,76,73,76,Icon
228,Bhuvneshwar Kumar,2022,SRH,Bowler,72,96,94,Icon
229,Marco Jansen,2022,SRH,Bowler,65,73,72,Icon
230,Umran Malik,2022,SRH,Bowler,65,70,70,Icon
231,Abdul Samad,2022,SRH,Batsman,76,66,75,Icon
232,T Natarajan,2022,SRH,Bowler,68,74,73,Icon
233,Kartik Tyagi,2022,SRH,Bowler,69,72,72,Icon
234,Aiden Markram,2022,SRH,Batsman,77,60,75,Icon
235,Sean Abbott,2022,SRH,Batsman,73,55,71,Icon
236,Glenn Phillips,2022,SRH,Batsman,72,72,72,Icon
237,Shreyas Gopal,2022,SRH,Bowler,73,80,79,Icon
238,Fazalhaq Farooqi,2022,SRH,Bowler,65,77,76,Icon
239,Vishnu Vinod,2022,SRH,Bowler,70,77,76,Icon
240,Priyam Garg,2022,SRH,Bowler,74,77,77,Icon
241,Saurabh Dubey,2022,SRH,Bowler,65,77,76,Icon
242,Jagadeesha Suchith,2022,SRH,Batsman,78,72,77,Icon
243,Shashank Singh,2022,SRH,Bowler,65,77,76,Icon
244,Ravikumar Samarth,2022,SRH,Bowler,65,77,76,Icon
245,Sanju Samson,2022,RR,All-Rounder,87,77,82,Icon
246,Prasidh Krishna,2022,RR,Bowler,67,75,74,Icon
247,Jos Buttler,2022,RR,All-Rounder,86,77,82,Icon
248,Shimron Hetmyer,2022,RR,All-Rounder,80,77,79,Icon
249,Trent Boult,2022,RR,Bowler,69,84,83,Icon
250,Devdutt Padikkal,2022,RR,All-Rounder,80,77,79,Icon
251,Yuzvendra Chahal,2022,RR,Bowler,68,95,92,Icon
252,Ravichandran Ashwin,2022,RR,Bowler,74,96,94,Icon
253,Yashasvi Jaiswal,2022,RR,Batsman,77,77,77,Icon
254,Riyan Parag,2022,RR,Batsman,75,66,74,Icon
255,Navdeep Saini,2022,RR,Batsman,72,72,72,Icon
256,Nathan Coulter-Nile,2022,RR,Bowler,73,81,80,Icon
257,James Neesham,2022,RR,Batsman,72,71,72,Icon
258,Karun Nair,2022,RR,All-Rounder,81,77,79,Icon
259,Rassie van der Dussen,2022,RR,Bowler,65,77,76,Icon
260,Obed McCoy,2022,RR,Bowler,65,77,76,Icon
261,Daryl Mitchell,2022,RR,Bowler,65,77,76,Icon
262,KC Cariappa,2022,RR,Batsman,73,70,73,Icon
263,Tejas Baroka,2022,RR,Batsman,65,57,64,Icon
264,Kuldip Yadav,2022,RR,Batsman,65,58,64,Icon
265,Dhruv Jurel,2022,RR,Bowler,65,77,76,Icon
266,Kuldeep Sen,2022,RR,Bowler,65,77,76,Icon
267,Shubham Garhwal,2022,RR,Bowler,65,77,76,Icon
268,Anunay Singh,2022,RR,Bowler,65,77,76,Icon
269,Virat Kohli,2022,RCB,Batsman,99,65,96,Icon
270,Glenn Maxwell,2022,RCB,Batsman,84,74,83,Icon
271,Harshal Patel,2022,RCB,Bowler,75,85,84,Icon
272,Wanindu Hasaranga,2022,RCB,Batsman,68,57,67,Icon
273,Josh Hazlewood,2022,RCB,Bowler,65,74,73,Icon
274,Faf du Plessis,2022,RCB,Batsman,88,52,84,Icon
275,Mohammed Siraj,2022,RCB,Bowler,72,80,79,Icon
276,Dinesh Karthik,2022,RCB,All-Rounder,89,77,84,Icon
277,Anuj Rawat,2022,RCB,Bowler,65,77,76,Icon
278,Shahbaz Ahmed,2022,RCB,Bowler,73,76,76,Icon
279,David Willey,2022,RCB,Bowler,65,69,69,Icon
280,Sherfane Rutherford,2022,RCB,Batsman,75,68,74,Icon
281,Mahipal Lomror,2022,RCB,Batsman,76,67,75,Icon
282,Finn Allen,2022,RCB,Bowler,65,77,76,Icon
283,Jason Behrendorff,2022,RCB,Bowler,65,72,71,Icon
284,Siddarth Kaul,2022,RCB,Bowler,69,81,80,Icon
285,Karn Sharma,2022,RCB,Bowler,75,82,81,Icon
286,Suyash Prabhudessai,2022,RCB,Bowler,65,77,76,Icon
287,Chama Milind,2022,RCB,Bowler,65,77,76,Icon
288,Aneeshwar Gautam,2022,RCB,Bowler,65,77,76,Icon
289,Akash Deep,2022,RCB,Bowler,65,77,76,Icon
290,Luvnith Sisodia,2022,RCB,Bowler,65,77,76,Icon
291,Rohit Sharma,2022,MI,Batsman,96,74,94,Icon
292,Ishan Kishan,2022,MI,All-Rounder,82,77,80,Icon
293,Jasprit Bumrah,2022,MI,Bowler,72,94,92,Icon
294,Tim David,2022,MI,Bowler,67,77,76,Icon
295,Jofra Archer,2022,MI,Bowler,77,81,81,Icon
296,Suryakumar Yadav,2022,MI,Batsman,85,58,82,Icon
297,Kieron Pollard,2022,MI,All-Rounder,89,81,85,Icon
298,Dewald Brevis,2022,MI,Bowler,65,77,76,Icon
299,Daniel Sams,2022,MI,Batsman,70,58,69,Icon
300,Tilak Varma,2022,MI,Bowler,65,77,76,Icon
301,Murugan Ashwin,2022,MI,Bowler,69,76,75,Icon
302,Tymal Mills,2022,MI,Bowler,69,72,72,Icon
303,Jaydev Unadkat,2022,MI,Bowler,73,85,84,Icon
304,Riley Meredith,2022,MI,Bowler,65,70,70,Icon
305,Fabian Allen,2022,MI,Batsman,69,65,69,Icon
306,Mayank Markande,2022,MI,Bowler,72,74,74,Icon
307,Sanjay Yadav,2022,MI,Bowler,65,77,76,Icon
308,Basil Thampi,2022,MI,Batsman,76,72,76,Icon
309,Arjun Tendulkar,2022,MI,Bowler,65,77,76,Icon
310,Ramandeep Singh,2022,MI,Bowler,65,77,76,Icon
311,Anmolpreet Singh,2022,MI,Bowler,74,77,77,Icon
312,Aryan Juyal,2022,MI,Bowler,65,77,76,Icon
313,Arshad Khan,2022,MI,Bowler,65,77,76,Icon
314,Rahul Buddhi,2022,MI,Bowler,65,77,76,Icon
315,Hrithik Shokeen,2022,MI,Bowler,65,77,76,Icon
316,Ravindra Jadeja,2022,CSK,All-Rounder,83,92,87,Icon
317,Deepak Chahar,2022,CSK,Bowler,75,81,80,Icon
318,MS Dhoni,2022,CSK,All-Rounder,94,77,86,Icon
319,Moeen Ali,2022,CSK,Batsman,79,75,79,Icon
320,Ambati Rayudu,2022,CSK,All-Rounder,89,77,84,Icon
321,Ruturaj Gaikwad,2022,CSK,All-Rounder,84,77,81,Icon
322,Dwayne Bravo,2022,CSK,All-Rounder,81,99,89,Icon
323,Shivam Dube,2022,CSK,Batsman,77,72,76,Icon
324,Chris Jordan,2022,CSK,Bowler,73,75,75,Icon
325,Robin Uthappa,2022,CSK,All-Rounder,91,77,85,Icon
326,Mitchell Santner,2022,CSK,Batsman,79,74,79,Icon
327,Adam Milne,2022,CSK,Batsman,70,70,70,Icon
328,Rajvardhan Hangargekar,2022,CSK,Bowler,65,77,76,Icon
329,Prashant Solanki,2022,CSK,Bowler,65,77,76,Icon
330,Devon Conway,2022,CSK,Bowler,65,77,76,Icon
331,Maheesh Theekshana,2022,CSK,Bowler,65,77,76,Icon
332,Dwaine Pretorius,2022,CSK,Bowler,65,77,76,Icon
333,Narayan Jagadeesan,2022,CSK,Bowler,74,77,77,Icon
334,KM Asif,2022,CSK,Bowler,65,71,70,Icon
335,Tushar Deshpande,2022,CSK,Batsman,78,66,77,Icon
336,Subhranshu Senapati,2022,CSK,Bowler,65,77,76,Icon
337,Bhagath Varma,2022,CSK,Bowler,65,77,76,Icon
338,Simarjeet Singh,2022,CSK,Bowler,65,77,76,Icon
339,Hari Nishaanth,2022,CSK,Bowler,65,77,76,Icon
340,Mukesh Choudhary,2022,CSK,Bowler,65,77,76,Icon
341,Shreyas Iyer,2022,KKR,All-Rounder,85,77,81,Icon
342,Andre Russell,2022,KKR,All-Rounder,86,83,85,Icon
343,Nitish Rana,2022,KKR,Batsman,83,74,82,Icon
344,Varun Chakravarthy,2022,KKR,Bowler,69,79,78,Icon
345,Venkatesh Iyer,2022,KKR,Batsman,81,73,80,Icon
346,Shivam Mavi,2022,KKR,Bowler,72,76,76,Icon
347,Pat Cummins,2022,KKR,Bowler,77,78,78,Icon
348,Sunil Narine,2022,KKR,All-Rounder,80,96,87,Icon
349,Umesh Yadav,2022,KKR,Bowler,72,91,89,Icon
350,Sam Billings,2022,KKR,Bowler,76,77,77,Icon
351,Tim Southee,2022,KKR,Bowler,74,75,75,Icon
352,Alex Hales,2022,KKR,Batsman,77,77,77,Icon
353,Mohammad Nabi,2022,KKR,Batsman,76,74,76,Icon
354,Ajinkya Rahane,2022,KKR,All-Rounder,89,77,84,Icon
355,Sheldon Jackson,2022,KKR,Bowler,65,77,76,Icon
356,Rinku Singh,2022,KKR,Bowler,73,77,77,Icon
357,Ashok Sharma,2022,KKR,Bowler,65,77,76,Icon
358,Chamika Karunaratne,2022,KKR,Bowler,65,77,76,Icon
359,Abhijeet Tomar,2022,KKR,Bowler,65,77,76,Icon
360,Anukul Roy,2022,KKR,Bowler,65,76,75,Icon
361,Pratham Singh,2022,KKR,Bowler,65,77,76,Icon
362,Rasikh Dar,2022,KKR,Batsman,72,56,70,Icon
363,Ramesh Kumar,2022,KKR,Bowler,65,77,76,Icon
364,Aman Khan,2022,KKR,Bowler,65,77,76,Icon
365,Baba Indrajith,2022,KKR,Bowler,65,77,76,Icon
366,Rishabh Pant,2022,DC,All-Rounder,88,77,83,Icon
367,Shardul Thakur,2022,DC,Bowler,72,82,81,Icon
368,Axar Patel,2022,DC,Bowler,78,88,87,Icon
369,Prithvi Shaw,2022,DC,All-Rounder,82,77,80,Icon
370,Mitchell Marsh,2022,DC,Bowler,75,76,76,Icon
371,Anrich Nortje,2022,DC,Bowler,73,79,78,Icon
372,David Warner,2022,DC,Batsman,99,55,95,Icon
373,Khaleel Ahmed,2022,DC,Bowler,66,77,76,Icon
374,Chetan Sakariya,2022,DC,Bowler,69,74,74,Icon
375,Rovman Powell,2022,DC,Bowler,65,77,76,Icon
376,Kuldeep Yadav,2022,DC,Bowler,71,78,77,Icon
377,Srikar Bharat,2022,DC,Batsman,79,77,79,Icon
378,Mustafizur Rahman,2022,DC,Bowler,70,78,77,Icon
379,Kamlesh Nagarkoti,2022,DC,Batsman,70,69,70,Icon
380,Mandeep Singh,2022,DC,Batsman,80,54,77,Icon
381,Lalit Yadav,2022,DC,Batsman,77,73,77,Icon
382,Yash Dhull,2022,DC,Bowler,65,77,76,Icon
383,Lungi Ngidi,2022,DC,Bowler,65,77,76,Icon
384,Tim Seifert,2022,DC,Bowler,68,77,76,Icon
385,Pravin Dubey,2022,DC,Batsman,68,57,67,Icon
386,Ashwin Hebbar,2022,DC,Bowler,65,77,76,Icon
387,Ripal Patel,2022,DC,Batsman,75,59,73,Icon
388,Vicky Ostwal,2022,DC,Bowler,65,77,76,Icon
389,Sarfaraz Khan,2022,DC,Batsman,78,50,75,Icon
390,KL Rahul,2022,LSG,All-Rounder,92,77,85,Icon
391,Avesh Khan,2022,LSG,Bowler,75,77,77,Icon
392,Marcus Stoinis,2022,LSG,Batsman,80,75,80,Icon
393,Jason Holder,2022,LSG,Bowler,75,78,78,Icon
394,Krunal Pandya,2022,LSG,All-Rounder,80,80,80,Icon
395,Mark Wood,2022,LSG,Batsman,67,55,66,Icon
396,Quinton de Kock,2022,LSG,All-Rounder,85,77,81,Icon
397,Deepak Hooda,2022,LSG,Batsman,77,71,76,Icon
398,Manish Pandey,2022,LSG,All-Rounder,88,77,83,Icon
399,Ravi Bishnoi,2022,LSG,Bowler,68,77,76,Icon
400,Evin Lewis,2022,LSG,Bowler,65,77,76,Icon
401,Dushmantha Chameera,2022,LSG,Bowler,65,77,76,Icon
402,Krishnappa Gowtham,2022,LSG,Batsman,77,72,76,Icon
403,Kyle Mayers,2022,LSG,Bowler,65,77,76,Icon
404,Shahbaz Nadeem,2022,LSG,Bowler,68,79,78,Icon
405,Ankit Rajpoot,2022,LSG,Bowler,69,74,74,Icon
406,Mohsin Khan,2022,LSG,Bowler,65,77,76,Icon
407,Ayush Badoni,2022,LSG,Bowler,65,77,76,Icon
408,Karan Sharma,2022,LSG,Bowler,65,77,76,Icon
409,Mayank Yadav,2022,LSG,Bowler,65,77,76,Icon
410,Manan Vohra,2022,LSG,Batsman,79,77,79,Icon
411,Rashid Khan,2022,GT,Bowler,75,89,88,Icon
412,Hardik Pandya,2022,GT,All-Rounder,83,78,81,Icon
413,Lockie Ferguson,2022,GT,Bowler,73,76,76,Icon
414,Rahul Tewatia,2022,GT,Bowler,65,77,76,Icon
415,Shubman Gill,2022,GT,All-Rounder,82,77,80,Icon
416,Mohammed Shami,2022,GT,Bowler,71,84,83,Icon
417,Yash Dayal,2022,GT,Bowler,65,77,76,Icon
418,Ravisrinivasan Sai Kishore,2022,GT,Bowler,65,77,76,Icon
419,David Miller,2022,GT,All-Rounder,85,77,81,Icon
420,Abhinav Manohar,2022,GT,Bowler,65,77,76,Icon
421,Alzarri Joseph,2022,GT,Bowler,71,73,73,Icon
422,Matthew Wade,2022,GT,Bowler,70,77,76,Icon
423,Jason Roy,2022,GT,Batsman,79,77,79,Icon
424,Wriddhiman Saha,2022,GT,All-Rounder,83,77,80,Icon
425,Jayant Yadav,2022,GT,Batsman,73,71,73,Icon
426,Vijay Shankar,2022,GT,Batsman,79,72,78,Icon
427,Dominic Drakes,2022,GT,Bowler,65,77,76,Icon
428,Varun Aaron,2022,GT,Bowler,71,77,76,Icon
429,Gurkeerat Singh Mann,2022,GT,Batsman,77,74,77,Icon
430,Noor Ahmad,2022,GT,Bowler,65,77,76,Icon
431,Darshan Nalkande,2022,GT,Bowler,65,77,76,Icon
432,Sai Sudharsan,2022,GT,Bowler,65,77,76,Icon
433,Pradeep Sangwan,2022,GT,Bowler,69,76,75,Icon
434,A Badoni,2023,LSG,Batsman,79,72,78,Season
435,A Madhwal,2023,MI,Bowler,65,83,81,Season
436,A Manohar,2023,GT,Batsman,75,72,75,Season
437,A Mishra,2023,LSG,Bowler,70,74,74,Season
438,A Nortje,2023,DC,All-Rounder,72,73,72,Season
439,A Taide,2023,PBKS,Batsman,79,72,78,Season
440,A Zampa,2023,RR,Bowler,68,74,73,Season
441,AD Russell,2023,KKR,Batsman,79,69,78,Season
442,AJ Hosein,2023,SRH,Batsman,72,72,72,Season
443,AK Markram,2023,SRH,Batsman,78,72,77,Season
444,AM Rahane,2023,CSK,Batsman,84,72,83,Season
445,AR Patel,2023,DC,All-Rounder,81,77,79,Season
446,AS Joseph,2023,GT,Bowler,67,70,70,Season
447,AS Roy,2023,KKR,Batsman,72,69,72,Season
448,AS Tendulkar,2023,MI,Batsman,73,66,72,Season
449,AT Rayudu,2023,CSK,Batsman,76,72,76,Season
450,AU Rashid,2023,SRH,Batsman,72,67,72,Season
451,Abdul Samad,2023,SRH,Batsman,80,72,79,Season
452,Abhishek Sharma,2023,SRH,Batsman,79,57,77,Season
453,Abishek Porel,2023,DC,Bowler,71,72,72,Season
454,Akash Deep,2023,RCB,Batsman,76,72,76,Season
455,Akash Singh,2023,CSK,Bowler,65,66,66,Season
456,Aman Hakim Khan,2023,DC,Batsman,74,72,74,Season
457,Anmolpreet Singh,2023,SRH,Batsman,76,72,76,Season
458,Anuj Rawat,2023,RCB,Batsman,76,72,76,Season
459,Arshad Khan,2023,MI,Batsman,71,61,70,Season
460,Arshdeep Singh,2023,PBKS,Bowler,65,82,80,Season
461,Avesh Khan,2023,LSG,Bowler,65,70,70,Season
462,B Kumar,2023,SRH,Bowler,71,83,82,Season
463,B Sai Sudharsan,2023,GT,Batsman,86,72,85,Season
464,BA Stokes,2023,CSK,Bowler,71,72,72,Season
465,C Green,2023,MI,Batsman,88,62,85,Season
466,C Sakariya,2023,DC,Batsman,68,64,68,Season
467,CJ Jordan,2023,MI,Batsman,68,54,67,Season
468,CV Varun,2023,KKR,Bowler,65,89,87,Season
469,D Padikkal,2023,RR,Batsman,79,72,78,Season
470,D Wiese,2023,KKR,Batsman,76,72,76,Season
471,DA Miller,2023,GT,Batsman,80,72,79,Season
472,DA Warner,2023,DC,Batsman,87,72,86,Season
473,DC Jurel,2023,RR,Batsman,78,72,77,Season
474,DJ Hooda,2023,LSG,Bowler,71,72,72,Season
475,DJ Willey,2023,RCB,Batsman,70,67,70,Season
476,DL Chahar,2023,CSK,Bowler,65,80,78,Season
477,DP Conway,2023,CSK,Batsman,93,72,91,Season
478,F du Plessis,2023,RCB,Batsman,96,72,94,Season
479,Fazalhaq Farooqi,2023,SRH,Bowler,65,68,68,Season
480,GD Phillips,2023,SRH,Batsman,74,69,74,Season
481,GJ Maxwell,2023,RCB,Batsman,87,66,85,Season
482,H Klaasen,2023,SRH,Batsman,89,72,87,Season
483,HC Brook,2023,SRH,Batsman,77,72,76,Season
484,HH Pandya,2023,GT,Batsman,82,56,79,Season
485,HR Shokeen,2023,MI,Batsman,74,58,72,Season
486,HV Patel,2023,RCB,Bowler,70,78,77,Season
487,Harpreet Brar,2023,PBKS,All-Rounder,72,76,74,Season
488,Harpreet Singh,2023,PBKS,Batsman,75,72,75,Season
489,Harshit Rana,2023,KKR,Bowler,65,69,69,Season
490,I Sharma,2023,DC,Bowler,65,78,77,Season
491,Ishan Kishan,2023,MI,Batsman,85,72,84,Season
492,JB Little,2023,GT,Bowler,65,69,69,Season
493,JC Archer,2023,MI,Batsman,69,50,67,Season
494,JC Buttler,2023,RR,Batsman,84,72,83,Season
495,JD Unadkat,2023,LSG,Batsman,72,72,72,Season
496,JE Root,2023,RR,Bowler,69,72,72,Season
497,JJ Roy,2023,KKR,Batsman,82,72,81,Season
498,JM Sharma,2023,PBKS,Batsman,81,72,80,Season
499,JO Holder,2023,RR,Batsman,70,57,69,Season
500,JP Behrendorff,2023,MI,Bowler,68,79,78,Season
501,JR Hazlewood,2023,RCB,Bowler,65,68,68,Season
502,K Gowtham,2023,LSG,Batsman,75,66,74,Season
503,K Kartikeya,2023,MI,Batsman,69,65,69,Season
504,K Khejroliya,2023,KKR,Batsman,65,57,64,Season
505,K Rabada,2023,PBKS,Bowler,65,69,69,Season
506,K Yadav,2023,RR,Batsman,65,64,65,Season
507,KD Karthik,2023,RCB,Batsman,75,72,75,Season
508,KH Pandya,2023,LSG,All-Rounder,76,74,75,Season
509,KK Ahmed,2023,DC,Bowler,65,72,71,Season
510,KL Rahul,2023,LSG,Batsman,80,72,79,Season
511,KM Asif,2023,RR,Batsman,65,62,65,Season
512,KM Jadhav,2023,RCB,Bowler,70,72,72,Season
513,KR Mayers,2023,LSG,Batsman,84,72,83,Season
514,KS Sharma,2023,LSG,Bowler,68,72,72,Season
515,KV Sharma,2023,RCB,Bowler,68,74,73,Season
516,Kuldeep Yadav,2023,DC,Bowler,70,75,74,Season
517,LS Livingstone,2023,PBKS,Batsman,83,56,80,Season
518,Lalit Yadav,2023,DC,Batsman,72,59,71,Season
519,Litton Das,2023,KKR,Bowler,70,72,72,Season
520,M Jansen,2023,SRH,Bowler,71,74,74,Season
521,M Markande,2023,SRH,All-Rounder,72,79,75,Season
522,M Pathirana,2023,CSK,Bowler,65,88,86,Season
523,M Shahrukh Khan,2023,PBKS,Batsman,78,72,77,Season
524,M Theekshana,2023,CSK,Bowler,65,75,74,Season
525,M Vohra,2023,LSG,Bowler,70,72,72,Season
526,MA Agarwal,2023,SRH,Batsman,79,72,78,Season
527,MA Wood,2023,LSG,All-Rounder,76,81,78,Season
528,MD Shanaka,2023,GT,Bowler,71,72,72,Season
529,MG Bracewell,2023,RCB,All-Rounder,75,74,75,Season
530,MJ Santner,2023,CSK,Bowler,65,70,70,Season
531,MK Lomror,2023,RCB,Batsman,76,72,76,Season
532,MK Pandey,2023,DC,Batsman,75,72,75,Season
533,MM Ali,2023,CSK,All-Rounder,75,77,76,Season
534,MM Sharma,2023,GT,Bowler,65,99,96,Season
535,MP Stoinis,2023,LSG,Batsman,85,71,84,Season
536,MR Marsh,2023,DC,All-Rounder,75,81,78,Season
537,MS Dhoni,2023,CSK,Batsman,78,72,77,Season
538,MW Short,2023,PBKS,Batsman,75,72,75,Season
539,Mandeep Singh,2023,KKR,Bowler,69,72,72,Season
540,Mohammed Shami,2023,GT,Bowler,69,99,96,Season
541,Mohammed Siraj,2023,RCB,Bowler,65,89,87,Season
542,Mohsin Khan,2023,LSG,Batsman,65,63,65,Season
543,Mukesh Kumar,2023,DC,Batsman,68,66,68,Season
544,N Jagadeesan,2023,KKR,Batsman,73,72,73,Season
545,N Pooran,2023,LSG,Batsman,84,72,83,Season
546,N Rana,2023,KKR,Batsman,84,68,82,Season
547,N Wadhera,2023,MI,Batsman,80,72,79,Season
548,NA Saini,2023,RR,Batsman,65,63,65,Season
549,NT Ellis,2023,PBKS,Bowler,65,79,78,Season
550,NT Tilak Varma,2023,MI,Batsman,85,72,84,Season
551,Naveen-ul-Haq,2023,LSG,Bowler,71,79,78,Season
552,Noor Ahmad,2023,GT,Bowler,69,84,83,Season
553,P Dubey,2023,DC,Batsman,71,70,71,Season
554,PBB Rajapaksa,2023,PBKS,Batsman,74,72,74,Season
555,PD Salt,2023,DC,Batsman,80,72,79,Season
556,PK Garg,2023,DC,Bowler,71,72,72,Season
557,PN Mankad,2023,LSG,Batsman,77,72,76,Season
558,PP Chawla,2023,MI,All-Rounder,72,91,81,Season
559,PP Shaw,2023,DC,Batsman,74,72,74,Season
560,PW Hasaranga,2023,RCB,All-Rounder,73,74,73,Season
561,Prabhsimran Singh,2023,PBKS,Batsman,83,72,82,Season
562,Q de Kock,2023,LSG,Batsman,79,72,78,Season
563,R Ashwin,2023,RR,All-Rounder,73,82,77,Season
564,R Dhawan,2023,PBKS,Batsman,73,72,73,Season
565,R Parag,2023,RR,Batsman,73,72,73,Season
566,R Powell,2023,DC,Batsman,69,67,69,Season
567,R Tewatia,2023,GT,Batsman,76,72,76,Season
568,RA Jadeja,2023,CSK,All-Rounder,78,90,83,Season
569,RA Tripathi,2023,SRH,Batsman,79,72,78,Season
570,RD Chahar,2023,PBKS,Bowler,65,69,69,Season
571,RD Gaikwad,2023,CSK,Batsman,90,72,88,Season
572,RG Sharma,2023,MI,Batsman,81,72,80,Season
573,RJW Topley,2023,RCB,Bowler,65,70,70,Season
574,RK Singh,2023,KKR,Batsman,90,72,88,Season
575,RP Meredith,2023,MI,Bowler,65,69,69,Season
576,RR Rossouw,2023,DC,Batsman,80,72,79,Season
577,RS Hangargekar,2023,CSK,Bowler,65,67,67,Season
578,RV Patel,2023,DC,Batsman,73,72,73,Season
579,Rahmanullah Gurbaz,2023,KKR,Batsman,79,72,78,Season
580,Rashid Khan,2023,GT,All-Rounder,82,97,89,Season
581,Ravi Bishnoi,2023,LSG,Bowler,69,84,83,Season
582,S Dhawan,2023,PBKS,Batsman,85,72,84,Season
583,S Dube,2023,CSK,Batsman,87,72,86,Season
584,SA Yadav,2023,MI,Batsman,92,72,90,Season
585,SM Curran,2023,PBKS,Batsman,80,69,79,Season
586,SN Khan,2023,DC,Bowler,71,72,72,Season
587,SN Thakur,2023,KKR,Batsman,76,69,75,Season
588,SO Hetmyer,2023,RR,Batsman,83,72,82,Season
589,SP Narine,2023,KKR,Bowler,69,76,75,Season
590,SS Prabhudessai,2023,RCB,Batsman,72,72,72,Season
591,SV Samson,2023,RR,Batsman,84,72,83,Season
592,Sandeep Sharma,2023,RR,Bowler,65,73,72,Season
593,Sanvir Singh,2023,SRH,Batsman,72,72,72,Season
594,Shahbaz Ahmed,2023,RCB,Batsman,72,72,72,Season
595,Shubman Gill,2023,GT,Batsman,99,72,96,Season
596,Sikandar Raza,2023,PBKS,Batsman,78,63,76,Season
597,Suyash Sharma,2023,KKR,Bowler,65,75,74,Season
598,T Natarajan,2023,SRH,Bowler,65,72,71,Season
599,T Stubbs,2023,MI,Batsman,70,70,70,Season
600,TA Boult,2023,RR,All-Rounder,72,80,76,Season
601,TG Southee,2023,KKR,Batsman,65,58,64,Season
602,TH David,2023,MI,Batsman,80,72,79,Season
603,TU Deshpande,2023,CSK,Bowler,65,87,85,Season
604,UT Yadav,2023,KKR,Bowler,71,72,72,Season
605,Umran Malik,2023,SRH,Batsman,78,64,77,Season
606,V Kohli,2023,RCB,Batsman,93,72,91,Season
607,V Shankar,2023,GT,Batsman,84,72,83,Season
608,V Vyshak,2023,RCB,Batsman,73,72,73,Season
609,VG Arora,2023,KKR,Batsman,71,69,71,Season
610,VR Iyer,2023,KKR,Batsman,84,72,83,Season
611,Vishnu Vinod,2023,MI,Batsman,72,72,72,Season
612,Vivrant Sharma,2023,SRH,Batsman,82,72,81,Season
613,WD Parnell,2023,RCB,Bowler,65,74,73,Season
614,WP Saha,2023,GT,Batsman,81,72,80,Season
615,Washington Sundar,2023,SRH,Batsman,72,63,71,Season
616,YBK Jaiswal,2023,RR,Batsman,93,72,91,Season
617,YS Chahal,2023,RR,Bowler,65,90,88,Season
618,YV Dhull,2023,DC,Bowler,69,72,72,Season
619,Yash Dayal,2023,GT,Batsman,65,51,64,Season
620,Yash Thakur,2023,LSG,Bowler,65,80,78,Season
621,Yudhvir Singh,2023,LSG,Bowler,65,68,68,Season
622,A Badoni,2024,LSG,Batsman,80,76,80,Season
623,A Kamboj,2024,MI,Batsman,65,61,65,Season
624,A Madhwal,2024,MI,Batsman,68,68,68,Season
625,A Manohar,2024,GT,Bowler,68,76,75,Season
626,A Mishra,2024,LSG,Bowler,65,67,67,Season
627,A Nortje,2024,DC,Bowler,67,68,68,Season
628,A Raghuvanshi,2024,KKR,Batsman,78,76,78,Season
629,A Taide,2024,PBKS,Batsman,76,76,76,Season
630,AA Kulkarni,2024,LSG,Bowler,69,76,75,Season
631,AD Russell,2024,KKR,All-Rounder,81,93,86,Season
632,AJ Turner,2024,LSG,Bowler,71,76,76,Season
633,AK Markram,2024,SRH,Batsman,78,76,78,Season
634,AM Rahane,2024,CSK,Batsman,77,76,77,Season
635,AR Patel,2024,DC,All-Rounder,80,81,80,Season
636,AR Sharma,2024,PBKS,Batsman,79,76,79,Season
637,AS Roy,2024,KKR,Bowler,68,76,75,Season
638,Abdul Samad,2024,SRH,Batsman,77,76,77,Season
639,Abhishek Sharma,2024,SRH,Batsman,90,70,88,Season
640,Abishek Porel,2024,DC,Batsman,83,76,82,Season
641,Akash Deep,2024,RCB,Batsman,65,56,64,Season
642,Anmolpreet Singh,2024,SRH,Bowler,68,76,75,Season
643,Anuj Rawat,2024,RCB,Bowler,75,76,76,Season
644,Arshad Khan,2024,LSG,Batsman,78,76,78,Season
645,Arshdeep Singh,2024,PBKS,Bowler,70,91,89,Season
646,Avesh Khan,2024,RR,Bowler,71,91,89,Season
647,Azmatullah Omarzai,2024,GT,Batsman,71,68,71,Season
648,B Kumar,2024,SRH,Bowler,69,77,76,Season
649,B Sai Sudharsan,2024,GT,Batsman,89,76,88,Season
650,C Green,2024,RCB,All-Rounder,80,79,80,Season
651,CV Varun,2024,KKR,Bowler,65,97,94,Season
652,D Brevis,2024,MI,Bowler,74,76,76,Season
653,D Ferreira,2024,RR,Bowler,68,76,75,Season
654,D Padikkal,2024,LSG,Bowler,69,76,75,Season
655,DA Miller,2024,GT,Batsman,80,76,80,Season
656,DA Warner,2024,DC,Batsman,77,76,77,Season
657,DC Jurel,2024,RR,Batsman,78,76,78,Season
658,DG Nalkande,2024,GT,Bowler,70,72,72,Season
659,DJ Hooda,2024,LSG,Batsman,76,76,76,Season
660,DJ Mitchell,2024,CSK,Batsman,82,57,80,Season
661,DL Chahar,2024,CSK,Bowler,65,71,70,Season
662,F du Plessis,2024,RCB,Batsman,87,76,86,Season
663,G Coetzee,2024,MI,Bowler,68,82,81,Season
664,GJ Maxwell,2024,RCB,Bowler,71,76,76,Season
665,Gulbadin Naib,2024,DC,Bowler,72,76,76,Season
666,H Klaasen,2024,SRH,Batsman,90,76,89,Season
667,HH Pandya,2024,MI,All-Rounder,77,78,77,Season
668,HV Patel,2024,PBKS,Bowler,68,99,96,Season
669,Harpreet Brar,2024,PBKS,Batsman,76,73,76,Season
670,Harpreet Singh,2024,PBKS,Bowler,70,76,75,Season
671,Harshit Rana,2024,KKR,Bowler,65,93,90,Season
672,I Sharma,2024,DC,Bowler,65,79,78,Season
673,Ishan Kishan,2024,MI,Batsman,81,76,80,Season
674,J Fraser-McGurk,2024,DC,Batsman,88,76,87,Season
675,JB Little,2024,GT,Bowler,65,72,71,Season
676,JC Buttler,2024,RR,Batsman,84,76,83,Season
677,JD Unadkat,2024,SRH,Bowler,70,73,73,Season
678,JJ Bumrah,2024,MI,Bowler,68,97,94,Season
679,JM Bairstow,2024,PBKS,Batsman,81,76,80,Season
680,JM Sharma,2024,PBKS,Batsman,76,76,76,Season
681,K Kushagra,2024,DC,Bowler,67,76,75,Season
682,K Nitish Kumar Reddy,2024,SRH,Batsman,83,63,81,Season
683,K Rabada,2024,PBKS,All-Rounder,73,80,76,Season
684,KA Maharaj,2024,RR,Bowler,65,72,71,Season
685,KD Karthik,2024,RCB,Batsman,85,76,84,Season
686,KH Pandya,2024,LSG,Batsman,77,72,76,Season
687,KK Ahmed,2024,DC,Bowler,65,88,86,Season
688,KL Rahul,2024,LSG,Batsman,88,76,87,Season
689,KR Sen,2024,RR,Bowler,65,74,73,Season
690,KS Williamson,2024,GT,Bowler,71,76,76,Season
691,KT Maphaka,2024,MI,Batsman,65,51,64,Season
692,KV Sharma,2024,RCB,Batsman,74,72,74,Season
693,Kuldeep Yadav,2024,DC,Bowler,72,89,87,Season
694,L Wood,2024,MI,Batsman,75,50,72,Season
695,LB Williams,2024,DC,Batsman,65,57,64,Season
696,LH Ferguson,2024,RCB,Bowler,65,76,75,Season
697,LS Livingstone,2024,PBKS,Batsman,75,72,75,Season
698,Lalit Yadav,2024,DC,Bowler,69,76,75,Season
699,M Jansen,2024,SRH,Bowler,72,76,76,Season
700,M Markande,2024,SRH,Bowler,65,73,72,Season
701,M Pathirana,2024,CSK,Bowler,65,87,85,Season
702,M Shahrukh Khan,2024,GT,Batsman,77,76,77,Season
703,M Siddharth,2024,LSG,Batsman,65,60,64,Season
704,M Theekshana,2024,CSK,Batsman,65,61,65,Season
705,MA Agarwal,2024,SRH,Bowler,72,76,76,Season
706,MA Starc,2024,KKR,Bowler,68,87,85,Season
707,MJ Henry,2024,LSG,Batsman,65,52,64,Season
708,MJ Santner,2024,CSK,Batsman,69,69,69,Season
709,MK Lomror,2024,RCB,Batsman,76,76,76,Season
710,MK Pandey,2024,KKR,Batsman,76,76,76,Season
711,MM Ali,2024,CSK,Batsman,76,67,75,Season
712,MM Sharma,2024,GT,Bowler,65,81,79,Season
713,MP Stoinis,2024,LSG,Batsman,85,70,84,Season
714,MP Yadav,2024,LSG,Bowler,65,80,78,Season
715,MR Marsh,2024,DC,Batsman,74,51,72,Season
716,MS Dhoni,2024,CSK,Batsman,84,76,83,Season
717,MS Wade,2024,GT,Bowler,68,76,75,Season
718,Mohammad Nabi,2024,MI,Batsman,71,64,70,Season
719,Mohammed Siraj,2024,RCB,Bowler,71,85,84,Season
720,Mohsin Khan,2024,LSG,Bowler,65,76,75,Season
721,Mukesh Kumar,2024,DC,Bowler,67,88,86,Season
722,Mustafizur Rahman,2024,CSK,Bowler,65,85,83,Season
723,N Burger,2024,RR,Bowler,65,77,76,Season
724,N Pooran,2024,LSG,Batsman,93,76,91,Season
725,N Rana,2024,KKR,Bowler,73,76,76,Season
726,N Thushara,2024,MI,Bowler,65,75,74,Season
727,N Wadhera,2024,MI,Bowler,74,76,76,Season
728,NT Ellis,2024,PBKS,Bowler,65,70,70,Season
729,NT Tilak Varma,2024,MI,Batsman,87,76,86,Season
730,Naman Dhir,2024,MI,Batsman,78,76,78,Season
731,Naveen-ul-Haq,2024,LSG,Bowler,65,84,82,Season
732,Noor Ahmad,2024,GT,Bowler,67,76,75,Season
733,PD Salt,2024,KKR,Batsman,89,76,88,Season
734,PJ Cummins,2024,SRH,All-Rounder,76,89,82,Season
735,PP Chawla,2024,MI,Bowler,69,84,83,Season
736,PP Shaw,2024,DC,Batsman,79,76,79,Season
737,Prabhsimran Singh,2024,PBKS,Batsman,82,76,81,Season
738,Q de Kock,2024,LSG,Batsman,80,76,80,Season
739,R Ashwin,2024,RR,Bowler,73,74,74,Season
740,R Parag,2024,RR,Batsman,93,76,91,Season
741,R Powell,2024,RR,Bowler,75,76,76,Season
742,R Ravindra,2024,CSK,Batsman,79,76,79,Season
743,R Sai Kishore,2024,GT,All-Rounder,74,77,75,Season
744,R Shepherd,2024,MI,Batsman,79,76,79,Season
745,R Tewatia,2024,GT,Batsman,78,76,78,Season
746,RA Jadeja,2024,CSK,Batsman,82,74,81,Season
747,RA Tripathi,2024,SRH,Batsman,78,76,78,Season
748,RD Chahar,2024,PBKS,All-Rounder,73,79,76,Season
749,RD Gaikwad,2024,CSK,Batsman,93,76,91,Season
750,RG Sharma,2024,MI,Batsman,85,76,84,Season
751,RJ Gleeson,2024,CSK,Batsman,65,59,64,Season
752,RJW Topley,2024,RCB,Batsman,67,66,67,Season
753,RK Bhui,2024,DC,Bowler,66,76,75,Season
754,RK Singh,2024,KKR,Batsman,76,76,76,Season
755,RM Patidar,2024,RCB,Batsman,87,76,86,Season
756,RR Pant,2024,DC,Batsman,88,76,87,Season
757,RR Rossouw,2024,PBKS,Batsman,80,76,80,Season
758,Rahmanullah Gurbaz,2024,KKR,Bowler,75,76,76,Season
759,Ramandeep Singh,2024,KKR,Batsman,79,76,79,Season
760,Rashid Khan,2024,GT,All-Rounder,75,78,76,Season
761,Rasikh Salam,2024,DC,Bowler,70,76,75,Season
762,Ravi Bishnoi,2024,LSG,Bowler,67,78,77,Season
763,S Dhawan,2024,PBKS,Batsman,77,76,77,Season
764,S Dube,2024,CSK,Batsman,86,64,84,Season
765,S Gopal,2024,MI,Bowler,65,70,70,Season
766,S Sandeep Warrier,2024,GT,Bowler,65,73,72,Season
767,SA Yadav,2024,MI,Batsman,85,76,84,Season
768,SB Dubey,2024,RR,Bowler,74,76,76,Season
769,SD Chauhan,2024,RCB,Bowler,70,76,75,Season
770,SD Hope,2024,DC,Batsman,77,76,77,Season
771,SH Johnson,2024,GT,Bowler,68,69,69,Season
772,SM Curran,2024,PBKS,All-Rounder,80,87,83,Season
773,SN Thakur,2024,CSK,Batsman,72,66,71,Season
774,SO Hetmyer,2024,RR,Batsman,76,76,76,Season
775,SP Narine,2024,KKR,All-Rounder,90,92,91,Season
776,SS Iyer,2024,KKR,Batsman,84,76,83,Season
777,SS Prabhudessai,2024,RCB,Bowler,73,76,76,Season
778,SV Samson,2024,RR,Batsman,92,76,90,Season
779,Sameer Rizvi,2024,CSK,Bowler,72,76,76,Season
780,Sandeep Sharma,2024,RR,Bowler,65,85,83,Season
781,Sanvir Singh,2024,SRH,Bowler,71,76,76,Season
782,Shahbaz Ahmed,2024,SRH,Batsman,78,72,77,Season
783,Shashank Singh,2024,PBKS,Batsman,86,76,85,Season
784,Shubman Gill,2024,GT,Batsman,86,76,85,Season
785,Sikandar Raza,2024,PBKS,Bowler,73,76,76,Season
786,Simarjeet Singh,2024,CSK,Bowler,65,72,71,Season
787,Sumit Kumar,2024,DC,Bowler,69,76,75,Season
788,Swapnil Singh,2024,RCB,Bowler,74,75,75,Season
789,T Kohler-Cadmore,2024,RR,Bowler,71,76,76,Season
790,T Natarajan,2024,SRH,Bowler,65,92,89,Season
791,T Stubbs,2024,DC,Batsman,89,76,88,Season
792,TA Boult,2024,RR,Bowler,69,88,86,Season
793,TH David,2024,MI,Batsman,80,76,80,Season
794,TK Kotian,2024,RR,Bowler,71,76,76,Season
795,TM Head,2024,SRH,Batsman,93,76,91,Season
796,TU Deshpande,2024,CSK,Bowler,65,89,87,Season
797,UT Yadav,2024,GT,Bowler,70,76,75,Season
798,V Kaverappa,2024,PBKS,Bowler,65,70,70,Season
799,V Kohli,2024,RCB,Batsman,99,76,97,Season
800,V Shankar,2024,GT,Bowler,73,76,76,Season
801,V Viyaskanth,2024,SRH,Batsman,70,57,69,Season
802,V Vyshak,2024,RCB,Bowler,65,69,69,Season
803,VG Arora,2024,KKR,Bowler,65,81,79,Season
804,VR Iyer,2024,KKR,Batsman,87,76,86,Season
805,WG Jacks,2024,RCB,Batsman,82,62,80,Season
806,WP Saha,2024,GT,Bowler,74,76,76,Season
807,Washington Sundar,2024,SRH,Batsman,65,54,64,Season
808,YBK Jaiswal,2024,RR,Batsman,85,76,84,Season
809,YS Chahal,2024,RR,Bowler,65,89,87,Season
810,Yash Dayal,2024,RCB,Bowler,65,85,83,Season
811,Yash Thakur,2024,LSG,Bowler,65,77,76,Season
812,Yudhvir Singh,2024,LSG,Batsman,72,59,71,Season
